NewAccounts,firstPurchaseDate
1,2007-01-04
1,2007-07-19
1,2007-08-22
1,2007-08-28
1,2008-01-18
1,2008-01-28
1,2008-01-29
1,2008-02-15
1,2008-05-21
1,2009-05-14
1,2010-03-31
1,2010-07-29
1,2012-11-19
1,2013-06-29
1,2013-11-30
1,2014-01-07
1,2014-02-06
1,2014-11-29
1,2015-04-02
1,2015-04-12
1,2015-04-30
1,2015-05-01
1,2015-05-31
1,2015-06-19
1,2015-09-26
1,2015-10-21
1,2015-12-13
1,2015-12-21
1,2016-01-16
1,2016-04-22
1,2016-06-14
1,2016-06-16
1,2016-07-25
1,2016-08-26
1,2016-09-04
1,2016-11-24
1,2016-11-25
1,2016-11-27
1,2016-11-28
1,2016-11-29
1,2016-11-30
2,2016-12-05
1,2016-12-07
27,2017-01-01
703,2017-01-02
939,2017-01-03
749,2017-01-04
760,2017-01-05
157,2017-01-06
313,2017-01-07
214,2017-01-08
531,2017-01-09
543,2017-01-10
571,2017-01-11
267,2017-01-12
296,2017-01-13
159,2017-01-14
12,2017-01-15
305,2017-01-16
242,2017-01-17
245,2017-01-18
287,2017-01-19
246,2017-01-20
159,2017-01-21
16,2017-01-22
306,2017-01-23
240,2017-01-24
289,2017-01-25
285,2017-01-26
283,2017-01-27
156,2017-01-28
27,2017-01-29
277,2017-01-30
278,2017-01-31
328,2017-02-01
302,2017-02-02
351,2017-02-03
281,2017-02-04
170,2017-02-05
373,2017-02-06
586,2017-02-07
522,2017-02-08
545,2017-02-09
665,2017-02-10
441,2017-02-11
62,2017-02-12
484,2017-02-13
419,2017-02-14
239,2017-02-15
306,2017-02-16
275,2017-02-17
159,2017-02-18
30,2017-02-19
191,2017-02-20
118,2017-02-21
257,2017-02-22
280,2017-02-23
239,2017-02-24
149,2017-02-25
26,2017-02-26
233,2017-02-27
251,2017-02-28
259,2017-03-01
293,2017-03-02
310,2017-03-03
250,2017-03-04
119,2017-03-05
394,2017-03-06
445,2017-03-07
393,2017-03-08
392,2017-03-09
483,2017-03-10
289,2017-03-11
38,2017-03-12
315,2017-03-13
478,2017-03-14
404,2017-03-15
285,2017-03-16
333,2017-03-17
256,2017-03-18
44,2017-03-19
306,2017-03-20
259,2017-03-21
271,2017-03-22
308,2017-03-23
331,2017-03-24
274,2017-03-25
43,2017-03-26
305,2017-03-27
313,2017-03-28
364,2017-03-29
297,2017-03-30
361,2017-03-31
317,2017-04-01
44,2017-04-02
297,2017-04-03
374,2017-04-04
381,2017-04-05
415,2017-04-06
489,2017-04-07
373,2017-04-08
128,2017-04-09
457,2017-04-10
532,2017-04-11
326,2017-04-12
171,2017-04-13
49,2017-04-14
259,2017-04-15
39,2017-04-16
243,2017-04-17
368,2017-04-18
428,2017-04-19
489,2017-04-20
584,2017-04-21
437,2017-04-22
69,2017-04-23
424,2017-04-24
575,2017-04-25
573,2017-04-26
574,2017-04-27
617,2017-04-28
405,2017-04-29
223,2017-04-30
83,2017-05-01
682,2017-05-02
674,2017-05-03
182,2017-05-04
132,2017-05-05
122,2017-05-06
115,2017-05-07
262,2017-05-08
190,2017-05-09
119,2017-05-10
236,2017-05-11
76,2017-05-12
95,2017-05-13
30,2017-05-14
521,2017-05-15
793,2017-05-16
342,2017-05-17
385,2017-05-18
1142,2017-05-19
981,2017-05-20
236,2017-05-21
1295,2017-05-22
1337,2017-05-23
1529,2017-05-24
1607,2017-05-25
1732,2017-05-26
1661,2017-05-27
243,2017-05-28
1253,2017-05-29
1392,2017-05-30
1488,2017-05-31
1741,2017-06-01
1866,2017-06-02
1778,2017-06-03
207,2017-06-04
1291,2017-06-05
1401,2017-06-06
1400,2017-06-07
1574,2017-06-08
1727,2017-06-09
1637,2017-06-10
273,2017-06-11
1133,2017-06-12
1361,2017-06-13
3587,2017-06-14
3457,2017-06-15
3517,2017-06-16
2153,2017-06-17
289,2017-06-18
1302,2017-06-19
1367,2017-06-20
1399,2017-06-21
1328,2017-06-22
1307,2017-06-23
876,2017-06-24
249,2017-06-25
1173,2017-06-26
1270,2017-06-27
1488,2017-06-28
1367,2017-06-29
1898,2017-06-30
2143,2017-07-01
852,2017-07-02
1644,2017-07-03
1579,2017-07-04
1783,2017-07-05
1984,2017-07-06
1864,2017-07-07
1827,2017-07-08
338,2017-07-09
1643,2017-07-10
1828,2017-07-11
1787,2017-07-12
1841,2017-07-13
1969,2017-07-14
1891,2017-07-15
313,2017-07-16
1758,2017-07-17
1774,2017-07-18
1861,2017-07-19
1883,2017-07-20
1875,2017-07-21
1832,2017-07-22
370,2017-07-23
1881,2017-07-24
1595,2017-07-25
2009,2017-07-26
1715,2017-07-27
1869,2017-07-28
1671,2017-07-29
350,2017-07-30
1657,2017-07-31
1811,2017-08-01
1723,2017-08-02
1699,2017-08-03
1633,2017-08-04
1579,2017-08-05
321,2017-08-06
1772,2017-08-07
1754,2017-08-08
1774,2017-08-09
1877,2017-08-10
1791,2017-08-11
1452,2017-08-12
337,2017-08-13
1893,2017-08-14
386,2017-08-15
1596,2017-08-16
1576,2017-08-17
1595,2017-08-18
1306,2017-08-19
294,2017-08-20
1565,2017-08-21
1494,2017-08-22
1699,2017-08-23
1679,2017-08-24
1674,2017-08-25
1418,2017-08-26
308,2017-08-27
1645,2017-08-28
1693,2017-08-29
1798,2017-08-30
1763,2017-08-31
1801,2017-09-01
1719,2017-09-02
361,2017-09-03
1521,2017-09-04
1670,2017-09-05
1717,2017-09-06
1844,2017-09-07
1703,2017-09-08
1884,2017-09-09
352,2017-09-10
1473,2017-09-11
1583,2017-09-12
1657,2017-09-13
1740,2017-09-14
1894,2017-09-15
1849,2017-09-16
312,2017-09-17
1502,2017-09-18
1441,2017-09-19
1527,2017-09-20
1564,2017-09-21
1840,2017-09-22
1902,2017-09-23
315,2017-09-24
1292,2017-09-25
1414,2017-09-26
1504,2017-09-27
1534,2017-09-28
1845,2017-09-29
1829,2017-09-30
244,2017-10-01
1276,2017-10-02
990,2017-10-03
1371,2017-10-04
1412,2017-10-05
1573,2017-10-06
1809,2017-10-07
272,2017-10-08
1121,2017-10-09
1357,2017-10-10
1529,2017-10-11
541,2017-10-12
1679,2017-10-13
1432,2017-10-14
297,2017-10-15
1139,2017-10-16
1111,2017-10-17
1141,2017-10-18
1168,2017-10-19
1486,2017-10-20
1495,2017-10-21
257,2017-10-22
1084,2017-10-23
1072,2017-10-24
1084,2017-10-25
1199,2017-10-26
1460,2017-10-27
1565,2017-10-28
230,2017-10-29
1161,2017-10-30
1114,2017-10-31
432,2017-11-01
1313,2017-11-02
1496,2017-11-03
1610,2017-11-04
198,2017-11-05
1103,2017-11-06
1048,2017-11-07
1014,2017-11-08
1214,2017-11-09
1348,2017-11-10
1794,2017-11-11
231,2017-11-12
989,2017-11-13
981,2017-11-14
1052,2017-11-15
1027,2017-11-16
1180,2017-11-17
1348,2017-11-18
218,2017-11-19
884,2017-11-20
796,2017-11-21
914,2017-11-22
4562,2017-11-23
6121,2017-11-24
5408,2017-11-25
2689,2017-11-26
2331,2017-11-27
1537,2017-11-28
961,2017-11-29
1003,2017-11-30
1306,2017-12-01
1554,2017-12-02
501,2017-12-03
1420,2017-12-04
1547,2017-12-05
763,2017-12-06
2212,2017-12-07
1385,2017-12-08
1953,2017-12-09
668,2017-12-10
2733,2017-12-11
2760,2017-12-12
2578,2017-12-13
2018,2017-12-14
2354,2017-12-15
2980,2017-12-16
2090,2017-12-17
2851,2017-12-18
3112,2017-12-19
3388,2017-12-20
3717,2017-12-21
4164,2017-12-22
4294,2017-12-23
2532,2017-12-24
114,2017-12-25
2347,2017-12-26
3160,2017-12-27
3440,2017-12-28
3660,2017-12-29
3474,2017-12-30
961,2017-12-31
37,2018-01-01
4825,2018-01-02
5088,2018-01-03
5271,2018-01-04
4858,2018-01-05
50,2018-01-06
1261,2018-01-07
1522,2018-01-08
1287,2018-01-09
1129,2018-01-10
1147,2018-01-11
1405,2018-01-12
1514,2018-01-13
262,2018-01-14
980,2018-01-15
909,2018-01-16
1055,2018-01-17
1150,2018-01-18
1337,2018-01-19
1464,2018-01-20
195,2018-01-21
903,2018-01-22
877,2018-01-23
1059,2018-01-24
1123,2018-01-25
1285,2018-01-26
1572,2018-01-27
206,2018-01-28
1062,2018-01-29
1061,2018-01-30
1208,2018-01-31
1116,2018-02-01
1220,2018-02-02
1530,2018-02-03
223,2018-02-04
950,2018-02-05
993,2018-02-06
1192,2018-02-07
1180,2018-02-08
1526,2018-02-09
1801,2018-02-10
281,2018-02-11
1860,2018-02-12
2442,2018-02-13
2704,2018-02-14
1171,2018-02-15
1309,2018-02-16
1411,2018-02-17
193,2018-02-18
908,2018-02-19
873,2018-02-20
933,2018-02-21
1000,2018-02-22
1139,2018-02-23
1451,2018-02-24
204,2018-02-25
897,2018-02-26
890,2018-02-27
895,2018-02-28
1227,2018-03-01
1463,2018-03-02
1802,2018-03-03
278,2018-03-04
1024,2018-03-05
1205,2018-03-06
1344,2018-03-07
1214,2018-03-08
1539,2018-03-09
1839,2018-03-10
268,2018-03-11
1112,2018-03-12
1147,2018-03-13
1194,2018-03-14
1343,2018-03-15
1595,2018-03-16
1822,2018-03-17
374,2018-03-18
1132,2018-03-19
1073,2018-03-20
1271,2018-03-21
1317,2018-03-22
1462,2018-03-23
1658,2018-03-24
239,2018-03-25
1282,2018-03-26
1306,2018-03-27
1306,2018-03-28
951,2018-03-29
284,2018-03-30
1808,2018-03-31
254,2018-04-01
841,2018-04-02
1359,2018-04-03
1615,2018-04-04
1585,2018-04-05
1837,2018-04-06
2220,2018-04-07
342,2018-04-08
1292,2018-04-09
1268,2018-04-10
1557,2018-04-11
1559,2018-04-12
1946,2018-04-13
2333,2018-04-14
296,2018-04-15
1497,2018-04-16
1498,2018-04-17
1639,2018-04-18
1734,2018-04-19
2049,2018-04-20
2458,2018-04-21
298,2018-04-22
1544,2018-04-23
1885,2018-04-24
1943,2018-04-25
2112,2018-04-26
2515,2018-04-27
2908,2018-04-28
604,2018-04-29
3389,2018-04-30
200,2018-05-01
3208,2018-05-02
3680,2018-05-03
5185,2018-05-04
5860,2018-05-05
666,2018-05-06
1816,2018-05-07
1900,2018-05-08
1899,2018-05-09
2128,2018-05-10
2328,2018-05-11
2413,2018-05-12
306,2018-05-13
1532,2018-05-14
1750,2018-05-15
3092,2018-05-16
2594,2018-05-17
2729,2018-05-18
1877,2018-05-19
193,2018-05-20
1086,2018-05-21
1236,2018-05-22
1500,2018-05-23
1496,2018-05-24
1721,2018-05-25
1600,2018-05-26
207,2018-05-27
1189,2018-05-28
1200,2018-05-29
1328,2018-05-30
1267,2018-05-31
1642,2018-06-01
1727,2018-06-02
223,2018-06-03
1120,2018-06-04
1245,2018-06-05
1265,2018-06-06
1314,2018-06-07
1448,2018-06-08
1648,2018-06-09
227,2018-06-10
1277,2018-06-11
1095,2018-06-12
3201,2018-06-13
3283,2018-06-14
3267,2018-06-15
3117,2018-06-16
1214,2018-06-17
1791,2018-06-18
1659,2018-06-19
1774,2018-06-20
1354,2018-06-21
1214,2018-06-22
993,2018-06-23
159,2018-06-24
1095,2018-06-25
1164,2018-06-26
1178,2018-06-27
1241,2018-06-28
1259,2018-06-29
1288,2018-06-30
544,2018-07-01
1442,2018-07-02
1538,2018-07-03
1583,2018-07-04
1641,2018-07-05
1625,2018-07-06
1666,2018-07-07
611,2018-07-08
1377,2018-07-09
1468,2018-07-10
1646,2018-07-11
1673,2018-07-12
1718,2018-07-13
1631,2018-07-14
515,2018-07-15
1696,2018-07-16
1541,2018-07-17
1540,2018-07-18
1556,2018-07-19
1576,2018-07-20
1606,2018-07-21
618,2018-07-22
1462,2018-07-23
1568,2018-07-24
1519,2018-07-25
1644,2018-07-26
1628,2018-07-27
1549,2018-07-28
580,2018-07-29
1500,2018-07-30
1524,2018-07-31
1453,2018-08-01
1508,2018-08-02
1422,2018-08-03
1431,2018-08-04
570,2018-08-05
1385,2018-08-06
1523,2018-08-07
1591,2018-08-08
1548,2018-08-09
1637,2018-08-10
1492,2018-08-11
595,2018-08-12
1633,2018-08-13
1639,2018-08-14
574,2018-08-15
1486,2018-08-16
1526,2018-08-17
1366,2018-08-18
536,2018-08-19
1314,2018-08-20
1465,2018-08-21
1443,2018-08-22
1482,2018-08-23
1511,2018-08-24
1400,2018-08-25
521,2018-08-26
1239,2018-08-27
1434,2018-08-28
1431,2018-08-29
1517,2018-08-30
1594,2018-08-31
1615,2018-09-01
571,2018-09-02
1423,2018-09-03
1407,2018-09-04
1529,2018-09-05
1718,2018-09-06
1611,2018-09-07
1607,2018-09-08
592,2018-09-09
1444,2018-09-10
1054,2018-09-11
1382,2018-09-12
1502,2018-09-13
1565,2018-09-14
1556,2018-09-15
410,2018-09-16
1200,2018-09-17
1249,2018-09-18
1455,2018-09-19
1512,2018-09-20
1621,2018-09-21
1684,2018-09-22
589,2018-09-23
1205,2018-09-24
1320,2018-09-25
1575,2018-09-26
1614,2018-09-27
1856,2018-09-28
1960,2018-09-29
654,2018-09-30
1317,2018-10-01
1465,2018-10-02
1677,2018-10-03
1593,2018-10-04
1955,2018-10-05
2175,2018-10-06
847,2018-10-07
1441,2018-10-08
1345,2018-10-09
1643,2018-10-10
1849,2018-10-11
1240,2018-10-12
2017,2018-10-13
745,2018-10-14
1239,2018-10-15
1322,2018-10-16
1454,2018-10-17
1477,2018-10-18
1910,2018-10-19
1873,2018-10-20
758,2018-10-21
1342,2018-10-22
1355,2018-10-23
1348,2018-10-24
1519,2018-10-25
1826,2018-10-26
1899,2018-10-27
802,2018-10-28
1318,2018-10-29
1356,2018-10-30
1417,2018-10-31
940,2018-11-01
2066,2018-11-02
1821,2018-11-03
702,2018-11-04
1338,2018-11-05
1274,2018-11-06
712,2018-11-07
1363,2018-11-08
1697,2018-11-09
1930,2018-11-10
711,2018-11-11
1165,2018-11-12
1112,2018-11-13
1282,2018-11-14
1226,2018-11-15
2111,2018-11-16
2173,2018-11-17
1018,2018-11-18
1713,2018-11-19
1014,2018-11-20
1136,2018-11-21
3841,2018-11-22
7370,2018-11-23
5782,2018-11-24
5148,2018-11-25
3659,2018-11-26
2318,2018-11-27
1288,2018-11-28
1495,2018-11-29
1827,2018-11-30
2355,2018-12-01
942,2018-12-02
1813,2018-12-03
1950,2018-12-04
2053,2018-12-05
1422,2018-12-06
3063,2018-12-07
2900,2018-12-08
1737,2018-12-09
2778,2018-12-10
2803,2018-12-11
3660,2018-12-12
3438,2018-12-13
3938,2018-12-14
4593,2018-12-15
3221,2018-12-16
3955,2018-12-17
4369,2018-12-18
4831,2018-12-19
5021,2018-12-20
5431,2018-12-21
6147,2018-12-22
5403,2018-12-23
5038,2018-12-24
398,2018-12-25
3555,2018-12-26
3979,2018-12-27
4206,2018-12-28
4204,2018-12-29
3298,2018-12-30
2717,2018-12-31
1508,2019-01-01
3358,2019-01-02
2943,2019-01-03
2867,2019-01-04
3859,2019-01-05
2053,2019-01-06
2567,2019-01-07
1658,2019-01-08
1979,2019-01-09
1634,2019-01-10
5375,2019-01-11
1494,2019-01-12
1220,2019-01-13
1325,2019-01-14
1319,2019-01-15
1377,2019-01-16
1637,2019-01-17
2004,2019-01-18
1160,2019-01-19
1069,2019-01-20
1121,2019-01-21
1279,2019-01-22
1379,2019-01-23
1688,2019-01-24
1988,2019-01-25
1179,2019-01-26
1050,2019-01-27
1263,2019-01-28
1353,2019-01-29
1528,2019-01-30
3667,2019-01-31
2014,2019-02-01
2296,2019-02-02
1474,2019-02-03
3866,2019-02-04
1257,2019-02-05
2181,2019-02-06
2371,2019-02-07
2174,2019-02-08
2351,2019-02-09
2393,2019-02-10
4183,2019-02-11
3651,2019-02-12
4164,2019-02-13
2742,2019-02-14
2177,2019-02-15
1256,2019-02-16
1062,2019-02-17
1318,2019-02-18
1313,2019-02-19
1390,2019-02-20
1549,2019-02-21
1889,2019-02-22
1154,2019-02-23
1010,2019-02-24
1212,2019-02-25
1426,2019-02-26
1512,2019-02-27
3317,2019-02-28
1055,2019-03-01
1141,2019-03-02
1401,2019-03-03
4668,2019-03-04
1905,2019-03-05
2108,2019-03-06
2159,2019-03-07
2061,2019-03-08
2135,2019-03-09
1042,2019-03-10
2142,2019-03-11
1456,2019-03-12
1549,2019-03-13
1940,2019-03-14
2155,2019-03-15
1303,2019-03-16
1400,2019-03-17
1332,2019-03-18
1267,2019-03-19
1391,2019-03-20
1623,2019-03-21
1937,2019-03-22
1159,2019-03-23
1070,2019-03-24
1195,2019-03-25
1338,2019-03-26
1389,2019-03-27
1874,2019-03-28
2158,2019-03-29
1264,2019-03-30
3103,2019-03-31
1288,2019-04-01
1316,2019-04-02
1494,2019-04-03
5567,2019-04-04
2088,2019-04-05
2338,2019-04-06
1046,2019-04-07
1826,2019-04-08
2083,2019-04-09
1604,2019-04-10
2106,2019-04-11
2272,2019-04-12
1393,2019-04-13
1495,2019-04-14
1808,2019-04-15
1761,2019-04-16
1624,2019-04-17
1067,2019-04-18
1871,2019-04-19
1163,2019-04-20
1180,2019-04-21
1595,2019-04-22
1860,2019-04-23
2127,2019-04-24
2628,2019-04-25
3172,2019-04-26
1874,2019-04-27
2165,2019-04-28
3061,2019-04-29
3734,2019-04-30
1105,2019-05-01
1923,2019-05-02
2794,2019-05-03
3419,2019-05-04
2286,2019-05-05
2497,2019-05-06
2107,2019-05-07
2302,2019-05-08
2943,2019-05-09
2225,2019-05-10
2842,2019-05-11
1613,2019-05-12
1904,2019-05-13
2037,2019-05-14
2047,2019-05-15
2144,2019-05-16
2449,2019-05-17
1442,2019-05-18
1422,2019-05-19
1685,2019-05-20
1746,2019-05-21
1912,2019-05-22
2192,2019-05-23
2317,2019-05-24
1261,2019-05-25
1401,2019-05-26
1785,2019-05-27
2337,2019-05-28
2331,2019-05-29
2499,2019-05-30
1061,2019-05-31
1454,2019-06-01
997,2019-06-02
1921,2019-06-03
1997,2019-06-04
2239,2019-06-05
2214,2019-06-06
2047,2019-06-07
2259,2019-06-08
1011,2019-06-09
1546,2019-06-10
1931,2019-06-11
2903,2019-06-12
2860,2019-06-13
3054,2019-06-14
2002,2019-06-15
1460,2019-06-16
1589,2019-06-17
1937,2019-06-18
2015,2019-06-19
2036,2019-06-20
2164,2019-06-21
1403,2019-06-22
1115,2019-06-23
1336,2019-06-24
1458,2019-06-25
1640,2019-06-26
1773,2019-06-27
1932,2019-06-28
1298,2019-06-29
1245,2019-06-30
1306,2019-07-01
1361,2019-07-02
960,2019-07-03
2052,2019-07-04
2007,2019-07-05
1263,2019-07-06
1542,2019-07-07
2137,2019-07-08
1656,2019-07-09
1566,2019-07-10
2879,2019-07-11
1956,2019-07-12
1203,2019-07-13
1388,2019-07-14
1695,2019-07-15
1641,2019-07-16
1621,2019-07-17
1681,2019-07-18
1736,2019-07-19
1108,2019-07-20
1311,2019-07-21
1532,2019-07-22
1580,2019-07-23
1598,2019-07-24
1743,2019-07-25
1817,2019-07-26
1153,2019-07-27
1376,2019-07-28
1609,2019-07-29
1686,2019-07-30
1203,2019-07-31
1467,2019-08-01
1441,2019-08-02
1243,2019-08-03
1795,2019-08-04
1983,2019-08-05
1482,2019-08-06
1518,2019-08-07
1052,2019-08-08
1518,2019-08-09
1700,2019-08-10
1586,2019-08-11
1473,2019-08-12
1553,2019-08-13
1097,2019-08-14
1045,2019-08-15
942,2019-08-16
663,2019-08-17
1154,2019-08-18
1335,2019-08-19
1333,2019-08-20
1365,2019-08-21
1418,2019-08-22
1449,2019-08-23
944,2019-08-24
1125,2019-08-25
1246,2019-08-26
1317,2019-08-27
1429,2019-08-28
1539,2019-08-29
1708,2019-08-30
1196,2019-08-31
1429,2019-09-01
1469,2019-09-02
1149,2019-09-03
2213,2019-09-04
946,2019-09-05
1495,2019-09-06
1542,2019-09-07
1124,2019-09-08
1416,2019-09-09
1751,2019-09-10
1967,2019-09-11
1525,2019-09-12
1793,2019-09-13
1092,2019-09-14
1242,2019-09-15
1281,2019-09-16
1267,2019-09-17
1309,2019-09-18
1478,2019-09-19
1809,2019-09-20
1098,2019-09-21
1079,2019-09-22
1227,2019-09-23
1346,2019-09-24
1355,2019-09-25
1597,2019-09-26
1748,2019-09-27
1113,2019-09-28
1162,2019-09-29
1025,2019-09-30
875,2019-10-01
760,2019-10-02
1230,2019-10-03
2343,2019-10-04
1298,2019-10-05
1117,2019-10-06
1373,2019-10-07
1245,2019-10-08
1363,2019-10-09
923,2019-10-10
2535,2019-10-11
924,2019-10-12
1025,2019-10-13
1125,2019-10-14
1195,2019-10-15
1225,2019-10-16
1329,2019-10-17
1662,2019-10-18
1012,2019-10-19
944,2019-10-20
1018,2019-10-21
1149,2019-10-22
1124,2019-10-23
1277,2019-10-24
1538,2019-10-25
917,2019-10-26
834,2019-10-27
1043,2019-10-28
1077,2019-10-29
1203,2019-10-30
1084,2019-10-31
1214,2019-11-01
1148,2019-11-02
1018,2019-11-03
2127,2019-11-04
1140,2019-11-05
1301,2019-11-06
770,2019-11-07
1216,2019-11-08
1621,2019-11-09
880,2019-11-10
2408,2019-11-11
1067,2019-11-12
1140,2019-11-13
1587,2019-11-14
1951,2019-11-15
1331,2019-11-16
1275,2019-11-17
1126,2019-11-18
992,2019-11-19
988,2019-11-20
1125,2019-11-21
1430,2019-11-22
931,2019-11-23
941,2019-11-24
1011,2019-11-25
1470,2019-11-26
4004,2019-11-27
6316,2019-11-28
5165,2019-11-29
2364,2019-11-30
2110,2019-12-01
1592,2019-12-02
1366,2019-12-03
921,2019-12-04
1971,2019-12-05
1410,2019-12-06
1581,2019-12-07
1310,2019-12-08
1419,2019-12-09
1382,2019-12-10
2835,2019-12-11
2716,2019-12-12
3430,2019-12-13
2870,2019-12-14
2989,2019-12-15
3391,2019-12-16
3603,2019-12-17
3617,2019-12-18
4158,2019-12-19
4838,2019-12-20
4542,2019-12-21
5639,2019-12-22
4972,2019-12-23
1484,2019-12-24
2096,2019-12-25
3347,2019-12-26
3605,2019-12-27
2943,2019-12-28
3379,2019-12-29
2601,2019-12-30
650,2019-12-31
162,2020-01-01
4557,2020-01-02
4827,2020-01-03
4989,2020-01-04
3274,2020-01-05
454,2020-01-06
1703,2020-01-07
1425,2020-01-08
1473,2020-01-09
1628,2020-01-10
1980,2020-01-11
979,2020-01-12
1208,2020-01-13
1185,2020-01-14
1185,2020-01-15
1214,2020-01-16
1444,2020-01-17
1711,2020-01-18
616,2020-01-19
946,2020-01-20
886,2020-01-21
937,2020-01-22
1033,2020-01-23
1174,2020-01-24
1419,2020-01-25
515,2020-01-26
771,2020-01-27
803,2020-01-28
933,2020-01-29
1025,2020-01-30
1188,2020-01-31
1430,2020-02-01
481,2020-02-02
890,2020-02-03
913,2020-02-04
962,2020-02-05
1007,2020-02-06
1223,2020-02-07
1626,2020-02-08
589,2020-02-09
1196,2020-02-10
1410,2020-02-11
1743,2020-02-12
2541,2020-02-13
3160,2020-02-14
1585,2020-02-15
552,2020-02-16
770,2020-02-17
738,2020-02-18
834,2020-02-19
889,2020-02-20
1030,2020-02-21
1186,2020-02-22
436,2020-02-23
760,2020-02-24
721,2020-02-25
757,2020-02-26
892,2020-02-27
999,2020-02-28
1298,2020-02-29
526,2020-03-01
767,2020-03-02
798,2020-03-03
871,2020-03-04
888,2020-03-05
1149,2020-03-06
1387,2020-03-07
503,2020-03-08
734,2020-03-09
728,2020-03-10
700,2020-03-11
645,2020-03-12
523,2020-03-13
351,2020-03-14
228,2020-03-15
159,2020-03-16
114,2020-03-17
102,2020-03-18
95,2020-03-19
82,2020-03-20
71,2020-03-21
57,2020-03-22
13,2020-03-23
2,2020-03-24
11,2020-03-25
36,2020-03-26
32,2020-03-27
23,2020-03-28
24,2020-03-29
52,2020-03-30
128,2020-03-31
168,2020-04-01
192,2020-04-02
213,2020-04-03
238,2020-04-04
273,2020-04-05
306,2020-04-06
377,2020-04-07
283,2020-04-08
272,2020-04-09
290,2020-04-10
227,2020-04-11
254,2020-04-12
193,2020-04-13
232,2020-04-14
212,2020-04-15
200,2020-04-16
215,2020-04-17
205,2020-04-18
230,2020-04-19
328,2020-04-20
358,2020-04-21
374,2020-04-22
397,2020-04-23
431,2020-04-24
415,2020-04-25
476,2020-04-26
534,2020-04-27
422,2020-04-28
105,2020-04-29
220,2020-04-30
296,2020-05-01
280,2020-05-02
326,2020-05-03
308,2020-05-04
303,2020-05-05
306,2020-05-06
293,2020-05-07
232,2020-05-08
267,2020-05-09
250,2020-05-10
198,2020-05-11
254,2020-05-12
228,2020-05-13
182,2020-05-14
177,2020-05-15
164,2020-05-16
79,2020-05-17
162,2020-05-18
220,2020-05-19
249,2020-05-20
230,2020-05-21
232,2020-05-22
234,2020-05-23
139,2020-05-24
272,2020-05-25
328,2020-05-26
331,2020-05-27
391,2020-05-28
414,2020-05-29
373,2020-05-30
186,2020-05-31
498,2020-06-01
526,2020-06-02
670,2020-06-03
578,2020-06-04
662,2020-06-05
827,2020-06-06
416,2020-06-07
927,2020-06-08
925,2020-06-09
956,2020-06-10
853,2020-06-11
1015,2020-06-12
1216,2020-06-13
813,2020-06-14
1895,2020-06-15
2076,2020-06-16
2012,2020-06-17
1624,2020-06-18
1647,2020-06-19
1617,2020-06-20
721,2020-06-21
1421,2020-06-22
1313,2020-06-23
1103,2020-06-24
1466,2020-06-25
1490,2020-06-26
1575,2020-06-27
979,2020-06-28
1150,2020-06-29
1086,2020-06-30
1259,2020-07-01
1203,2020-07-02
1344,2020-07-03
1190,2020-07-04
624,2020-07-05
1189,2020-07-06
1197,2020-07-07
1151,2020-07-08
1214,2020-07-09
1244,2020-07-10
1200,2020-07-11
588,2020-07-12
1123,2020-07-13
1211,2020-07-14
1266,2020-07-15
1221,2020-07-16
1106,2020-07-17
1085,2020-07-18
497,2020-07-19
1068,2020-07-20
1086,2020-07-21
1040,2020-07-22
1098,2020-07-23
1058,2020-07-24
1009,2020-07-25
459,2020-07-26
994,2020-07-27
1024,2020-07-28
1069,2020-07-29
1038,2020-07-30
1122,2020-07-31
1179,2020-08-01
527,2020-08-02
1224,2020-08-03
1115,2020-08-04
1098,2020-08-05
1226,2020-08-06
1158,2020-08-07
1188,2020-08-08
534,2020-08-09
1225,2020-08-10
1166,2020-08-11
1194,2020-08-12
1199,2020-08-13
1252,2020-08-14
905,2020-08-15
535,2020-08-16
1176,2020-08-17
1175,2020-08-18
1125,2020-08-19
1119,2020-08-20
1103,2020-08-21
1064,2020-08-22
567,2020-08-23
1106,2020-08-24
1126,2020-08-25
1065,2020-08-26
1163,2020-08-27
1245,2020-08-28
1294,2020-08-29
575,2020-08-30
1268,2020-08-31
1196,2020-09-01
1244,2020-09-02
1194,2020-09-03
1267,2020-09-04
1340,2020-09-05
673,2020-09-06
1194,2020-09-07
1019,2020-09-08
1232,2020-09-09
1241,2020-09-10
1098,2020-09-11
1315,2020-09-12
619,2020-09-13
1048,2020-09-14
994,2020-09-15
1090,2020-09-16
1109,2020-09-17
1227,2020-09-18
1407,2020-09-19
647,2020-09-20
971,2020-09-21
1073,2020-09-22
955,2020-09-23
971,2020-09-24
1254,2020-09-25
1390,2020-09-26
606,2020-09-27
994,2020-09-28
1021,2020-09-29
1063,2020-09-30
1169,2020-10-01
1346,2020-10-02
1542,2020-10-03
739,2020-10-04
1119,2020-10-05
1130,2020-10-06
1147,2020-10-07
1133,2020-10-08
1184,2020-10-09
1451,2020-10-10
764,2020-10-11
730,2020-10-12
998,2020-10-13
1056,2020-10-14
1067,2020-10-15
1175,2020-10-16
1320,2020-10-17
657,2020-10-18
879,2020-10-19
930,2020-10-20
1015,2020-10-21
1124,2020-10-22
1208,2020-10-23
1314,2020-10-24
774,2020-10-25
921,2020-10-26
976,2020-10-27
999,2020-10-28
1033,2020-10-29
1002,2020-10-30
1021,2020-10-31
647,2020-11-01
1034,2020-11-02
974,2020-11-03
1120,2020-11-04
1094,2020-11-05
1090,2020-11-06
1235,2020-11-07
805,2020-11-08
1467,2020-11-09
1183,2020-11-10
1284,2020-11-11
1228,2020-11-12
1234,2020-11-13
1284,2020-11-14
922,2020-11-15
1195,2020-11-16
1085,2020-11-17
1119,2020-11-18
1424,2020-11-19
3169,2020-11-20
2823,2020-11-21
2104,2020-11-22
2847,2020-11-23
2920,2020-11-24
3286,2020-11-25
3869,2020-11-26
6560,2020-11-27
4658,2020-11-28
4147,2020-11-29
3589,2020-11-30
1745,2020-12-01
1594,2020-12-02
1797,2020-12-03
1988,2020-12-04
2124,2020-12-05
1547,2020-12-06
2208,2020-12-07
1850,2020-12-08
2557,2020-12-09
2748,2020-12-10
2883,2020-12-11
3101,2020-12-12
2307,2020-12-13
3117,2020-12-14
3332,2020-12-15
3416,2020-12-16
3595,2020-12-17
3761,2020-12-18
3835,2020-12-19
2817,2020-12-20
4481,2020-12-21
4382,2020-12-22
4535,2020-12-23
3376,2020-12-24
618,2020-12-25
2535,2020-12-26
1936,2020-12-27
3292,2020-12-28
3486,2020-12-29
3268,2020-12-30
1961,2020-12-31
667,2021-01-01
3345,2021-01-02
2075,2021-01-03
3920,2021-01-04
3499,2021-01-05
841,2021-01-06
1802,2021-01-07
1413,2021-01-08
1022,2021-01-09
681,2021-01-10
1071,2021-01-11
1019,2021-01-12
975,2021-01-13
1153,2021-01-14
1046,2021-01-15
1170,2021-01-16
722,2021-01-17
1038,2021-01-18
1088,2021-01-19
1115,2021-01-20
1098,2021-01-21
1179,2021-01-22
1128,2021-01-23
793,2021-01-24
1058,2021-01-25
1093,2021-01-26
1115,2021-01-27
1200,2021-01-28
1235,2021-01-29
1284,2021-01-30
930,2021-01-31
1403,2021-02-01
1443,2021-02-02
1363,2021-02-03
1435,2021-02-04
1541,2021-02-05
1521,2021-02-06
1160,2021-02-07
1787,2021-02-08
1727,2021-02-09
1984,2021-02-10
1945,2021-02-11
2444,2021-02-12
2317,2021-02-13
1139,2021-02-14
1216,2021-02-15
1105,2021-02-16
1070,2021-02-17
1029,2021-02-18
1078,2021-02-19
1159,2021-02-20
702,2021-02-21
935,2021-02-22
1001,2021-02-23
1070,2021-02-24
1041,2021-02-25
1161,2021-02-26
1211,2021-02-27
741,2021-02-28
1067,2021-03-01
1100,2021-03-02
1096,2021-03-03
1270,2021-03-04
1349,2021-03-05
1262,2021-03-06
723,2021-03-07
1223,2021-03-08
1131,2021-03-09
1154,2021-03-10
1089,2021-03-11
1282,2021-03-12
1272,2021-03-13
702,2021-03-14
1151,2021-03-15
1144,2021-03-16
1258,2021-03-17
1269,2021-03-18
1103,2021-03-19
1433,2021-03-20
633,2021-03-21
1157,2021-03-22
1073,2021-03-23
1128,2021-03-24
1122,2021-03-25
1256,2021-03-26
1408,2021-03-27
670,2021-03-28
1115,2021-03-29
1284,2021-03-30
1377,2021-03-31
1171,2021-04-01
735,2021-04-02
1408,2021-04-03
677,2021-04-04
1040,2021-04-05
1242,2021-04-06
1243,2021-04-07
1283,2021-04-08
1360,2021-04-09
1495,2021-04-10
791,2021-04-11
1168,2021-04-12
1273,2021-04-13
1251,2021-04-14
1328,2021-04-15
1460,2021-04-16
1773,2021-04-17
834,2021-04-18
1505,2021-04-19
1584,2021-04-20
1600,2021-04-21
1731,2021-04-22
1900,2021-04-23
2162,2021-04-24
1215,2021-04-25
2227,2021-04-26
2519,2021-04-27
2581,2021-04-28
2961,2021-04-29
3927,2021-04-30
1591,2021-05-01
2092,2021-05-02
1973,2021-05-03
1898,2021-05-04
1963,2021-05-05
1983,2021-05-06
2342,2021-05-07
2513,2021-05-08
1382,2021-05-09
1920,2021-05-10
1597,2021-05-11
2080,2021-05-12
1928,2021-05-13
2069,2021-05-14
1807,2021-05-15
885,2021-05-16
1419,2021-05-17
1455,2021-05-18
1489,2021-05-19
1375,2021-05-20
1445,2021-05-21
1682,2021-05-22
855,2021-05-23
1326,2021-05-24
1417,2021-05-25
1462,2021-05-26
1465,2021-05-27
1607,2021-05-28
1531,2021-05-29
704,2021-05-30
1507,2021-05-31
1398,2021-06-01
1401,2021-06-02
1701,2021-06-03
3036,2021-06-04
2539,2021-06-05
1414,2021-06-06
2387,2021-06-07
2274,2021-06-08
2163,2021-06-09
2261,2021-06-10
2238,2021-06-11
2093,2021-06-12
1620,2021-06-13
1402,2021-06-14
1428,2021-06-15
1512,2021-06-16
1372,2021-06-17
1468,2021-06-18
1583,2021-06-19
653,2021-06-20
1295,2021-06-21
1405,2021-06-22
1360,2021-06-23
1159,2021-06-24
1634,2021-06-25
1378,2021-06-26
738,2021-06-27
1383,2021-06-28
1459,2021-06-29
1417,2021-06-30
1531,2021-07-01
1437,2021-07-02
1663,2021-07-03
904,2021-07-04
1446,2021-07-05
1385,2021-07-06
1422,2021-07-07
1356,2021-07-08
1286,2021-07-09
393,2021-07-10
685,2021-07-11
1415,2021-07-12
1453,2021-07-13
1533,2021-07-14
1408,2021-07-15
1430,2021-07-16
401,2021-07-17
658,2021-07-18
1305,2021-07-19
1345,2021-07-20
1369,2021-07-21
1375,2021-07-22
1452,2021-07-23
1494,2021-07-24
795,2021-07-25
1524,2021-07-26
1410,2021-07-27
1420,2021-07-28
1421,2021-07-29
1380,2021-07-30
1422,2021-07-31
773,2021-08-01
1491,2021-08-02
1462,2021-08-03
1529,2021-08-04
1427,2021-08-05
1511,2021-08-06
1509,2021-08-07
817,2021-08-08
1455,2021-08-09
1464,2021-08-10
1507,2021-08-11
1353,2021-08-12
1356,2021-08-13
1519,2021-08-14
802,2021-08-15
1295,2021-08-16
1419,2021-08-17
1294,2021-08-18
1281,2021-08-19
1324,2021-08-20
1402,2021-08-21
782,2021-08-22
1267,2021-08-23
1278,2021-08-24
1304,2021-08-25
1301,2021-08-26
1377,2021-08-27
1365,2021-08-28
711,2021-08-29
1332,2021-08-30
1371,2021-08-31
1289,2021-09-01
1368,2021-09-02
1463,2021-09-03
1519,2021-09-04
755,2021-09-05
1354,2021-09-06
1341,2021-09-07
1311,2021-09-08
1418,2021-09-09
1524,2021-09-10
1380,2021-09-11
844,2021-09-12
1234,2021-09-13
1264,2021-09-14
1355,2021-09-15
1357,2021-09-16
1442,2021-09-17
1480,2021-09-18
732,2021-09-19
1226,2021-09-20
1320,2021-09-21
1205,2021-09-22
1229,2021-09-23
1362,2021-09-24
1473,2021-09-25
677,2021-09-26
1112,2021-09-27
1158,2021-09-28
1200,2021-09-29
1361,2021-09-30
1518,2021-10-01
1617,2021-10-02
956,2021-10-03
1227,2021-10-04
1261,2021-10-05
1258,2021-10-06
1288,2021-10-07
1381,2021-10-08
1239,2021-10-09
719,2021-10-10
1239,2021-10-11
643,2021-10-12
964,2021-10-13
1203,2021-10-14
1337,2021-10-15
1481,2021-10-16
714,2021-10-17
1094,2021-10-18
1150,2021-10-19
1165,2021-10-20
1101,2021-10-21
1326,2021-10-22
1519,2021-10-23
796,2021-10-24
1066,2021-10-25
1085,2021-10-26
1138,2021-10-27
1263,2021-10-28
1291,2021-10-29
1464,2021-10-30
782,2021-10-31
920,2021-11-01
1280,2021-11-02
1488,2021-11-03
1638,2021-11-04
1773,2021-11-05
1785,2021-11-06
949,2021-11-07
1434,2021-11-08
1411,2021-11-09
1993,2021-11-10
1899,2021-11-11
1925,2021-11-12
2055,2021-11-13
1384,2021-11-14
1769,2021-11-15
1695,2021-11-16
1837,2021-11-17
2058,2021-11-18
2305,2021-11-19
2538,2021-11-20
2195,2021-11-21
4054,2021-11-22
3636,2021-11-23
3819,2021-11-24
4431,2021-11-25
7497,2021-11-26
5410,2021-11-27
4636,2021-11-28
5643,2021-11-29
2622,2021-11-30
2051,2021-12-01
1972,2021-12-02
2311,2021-12-03
2683,2021-12-04
1974,2021-12-05
2100,2021-12-06
2886,2021-12-07
2484,2021-12-08
2947,2021-12-09
3241,2021-12-10
3874,2021-12-11
3154,2021-12-12
3661,2021-12-13
5075,2021-12-14
5034,2021-12-15
4486,2021-12-16
4384,2021-12-17
4748,2021-12-18
4062,2021-12-19
5606,2021-12-20
5483,2021-12-21
5490,2021-12-22
5597,2021-12-23
4221,2021-12-24
1018,2021-12-25
2947,2021-12-26
4069,2021-12-27
3947,2021-12-28
4124,2021-12-29
3885,2021-12-30
2564,2021-12-31
1000,2022-01-01
3898,2022-01-02
4652,2022-01-03
4208,2022-01-04
4093,2022-01-05
1228,2022-01-06
2451,2022-01-07
2149,2022-01-08
1313,2022-01-09
1685,2022-01-10
1718,2022-01-11
1548,2022-01-12
1476,2022-01-13
1601,2022-01-14
1916,2022-01-15
1061,2022-01-16
1357,2022-01-17
1360,2022-01-18
1344,2022-01-19
1377,2022-01-20
1408,2022-01-21
1670,2022-01-22
927,2022-01-23
1245,2022-01-24
1333,2022-01-25
1411,2022-01-26
1346,2022-01-27
1693,2022-01-28
1880,2022-01-29
1124,2022-01-30
1436,2022-01-31
1495,2022-02-01
1574,2022-02-02
1707,2022-02-03
1828,2022-02-04
2145,2022-02-05
1278,2022-02-06
2028,2022-02-07
2145,2022-02-08
2351,2022-02-09
2383,2022-02-10
2630,2022-02-11
3030,2022-02-12
1750,2022-02-13
3593,2022-02-14
1489,2022-02-15
1396,2022-02-16
1369,2022-02-17
1542,2022-02-18
1695,2022-02-19
941,2022-02-20
1335,2022-02-21
1310,2022-02-22
1350,2022-02-23
1381,2022-02-24
1509,2022-02-25
1577,2022-02-26
909,2022-02-27
1305,2022-02-28
1522,2022-03-01
1507,2022-03-02
1574,2022-03-03
1815,2022-03-04
2023,2022-03-05
1189,2022-03-06
1558,2022-03-07
1674,2022-03-08
1417,2022-03-09
1503,2022-03-10
1668,2022-03-11
1885,2022-03-12
992,2022-03-13
1215,2022-03-14
1349,2022-03-15
1338,2022-03-16
1359,2022-03-17
1677,2022-03-18
1724,2022-03-19
950,2022-03-20
1357,2022-03-21
1254,2022-03-22
1390,2022-03-23
1547,2022-03-24
1681,2022-03-25
1993,2022-03-26
1206,2022-03-27
1203,2022-03-28
1456,2022-03-29
1465,2022-03-30
1594,2022-03-31
1648,2022-04-01
1970,2022-04-02
1120,2022-04-03
1581,2022-04-04
1741,2022-04-05
1979,2022-04-06
1938,2022-04-07
2161,2022-04-08
2503,2022-04-09
1602,2022-04-10
2075,2022-04-11
2123,2022-04-12
2141,2022-04-13
1946,2022-04-14
1493,2022-04-15
1962,2022-04-16
848,2022-04-17
1542,2022-04-18
2091,2022-04-19
2308,2022-04-20
2544,2022-04-21
2772,2022-04-22
3070,2022-04-23
1840,2022-04-24
2966,2022-04-25
3285,2022-04-26
3468,2022-04-27
3715,2022-04-28
4606,2022-04-29
5139,2022-04-30
1770,2022-05-01
2623,2022-05-02
2328,2022-05-03
2743,2022-05-04
2783,2022-05-05
3221,2022-05-06
3524,2022-05-07
1665,2022-05-08
2950,2022-05-09
2899,2022-05-10
2510,2022-05-11
2405,2022-05-12
2545,2022-05-13
2705,2022-05-14
1164,2022-05-15
2093,2022-05-16
2042,2022-05-17
2183,2022-05-18
2101,2022-05-19
2221,2022-05-20
2454,2022-05-21
1226,2022-05-22
2610,2022-05-23
2713,2022-05-24
3090,2022-05-25
3356,2022-05-26
2945,2022-05-27
2839,2022-05-28
1540,2022-05-29
2472,2022-05-30
3007,2022-05-31
4145,2022-06-01
3506,2022-06-02
3346,2022-06-03
3434,2022-06-04
1927,2022-06-05
2843,2022-06-06
2871,2022-06-07
3032,2022-06-08
2967,2022-06-09
3106,2022-06-10
3329,2022-06-11
2362,2022-06-12
2143,2022-06-13
1984,2022-06-14
2078,2022-06-15
1606,2022-06-16
2395,2022-06-17
2184,2022-06-18
1411,2022-06-19
1813,2022-06-20
1783,2022-06-21
1715,2022-06-22
1803,2022-06-23
1705,2022-06-24
1987,2022-06-25
1248,2022-06-26
1790,2022-06-27
1822,2022-06-28
1844,2022-06-29
1907,2022-06-30
2020,2022-07-01
2126,2022-07-02
1243,2022-07-03
1976,2022-07-04
2065,2022-07-05
1915,2022-07-06
1963,2022-07-07
1935,2022-07-08
2056,2022-07-09
1241,2022-07-10
2114,2022-07-11
1952,2022-07-12
1888,2022-07-13
1898,2022-07-14
2045,2022-07-15
2110,2022-07-16
1201,2022-07-17
1883,2022-07-18
1981,2022-07-19
1928,2022-07-20
1940,2022-07-21
1950,2022-07-22
1992,2022-07-23
1260,2022-07-24
1829,2022-07-25
2016,2022-07-26
2091,2022-07-27
2235,2022-07-28
2210,2022-07-29
2284,2022-07-30
1493,2022-07-31
2203,2022-08-01
2203,2022-08-02
2106,2022-08-03
2000,2022-08-04
2196,2022-08-05
2154,2022-08-06
1269,2022-08-07
2077,2022-08-08
2063,2022-08-09
2204,2022-08-10
2114,2022-08-11
2013,2022-08-12
2254,2022-08-13
1247,2022-08-14
1391,2022-08-15
2158,2022-08-16
1760,2022-08-17
1848,2022-08-18
1822,2022-08-19
1872,2022-08-20
1149,2022-08-21
1782,2022-08-22
1736,2022-08-23
1732,2022-08-24
1860,2022-08-25
1913,2022-08-26
1970,2022-08-27
1455,2022-08-28
1643,2022-08-29
1767,2022-08-30
2042,2022-08-31
2009,2022-09-01
2067,2022-09-02
2182,2022-09-03
1323,2022-09-04
2025,2022-09-05
1897,2022-09-06
1855,2022-09-07
1852,2022-09-08
1998,2022-09-09
2204,2022-09-10
1395,2022-09-11
1847,2022-09-12
1793,2022-09-13
1829,2022-09-14
1780,2022-09-15
1980,2022-09-16
2062,2022-09-17
1114,2022-09-18
1571,2022-09-19
1547,2022-09-20
1591,2022-09-21
1607,2022-09-22
1783,2022-09-23
1980,2022-09-24
1118,2022-09-25
1805,2022-09-26
1661,2022-09-27
1724,2022-09-28
1957,2022-09-29
2016,2022-09-30
2464,2022-10-01
1305,2022-10-02
1964,2022-10-03
1795,2022-10-04
2069,2022-10-05
1857,2022-10-06
2145,2022-10-07
2346,2022-10-08
1343,2022-10-09
1550,2022-10-10
1760,2022-10-11
1158,2022-10-12
1707,2022-10-13
1924,2022-10-14
2116,2022-10-15
1111,2022-10-16
1565,2022-10-17
1519,2022-10-18
1540,2022-10-19
1665,2022-10-20
1887,2022-10-21
2190,2022-10-22
1191,2022-10-23
1569,2022-10-24
1610,2022-10-25
1596,2022-10-26
1672,2022-10-27
1801,2022-10-28
2094,2022-10-29
1155,2022-10-30
1726,2022-10-31
1274,2022-11-01
1717,2022-11-02
1581,2022-11-03
1751,2022-11-04
2018,2022-11-05
1073,2022-11-06
1586,2022-11-07
1521,2022-11-08
1699,2022-11-09
1715,2022-11-10
1789,2022-11-11
2016,2022-11-12
1188,2022-11-13
1549,2022-11-14
1837,2022-11-15
1852,2022-11-16
2387,2022-11-17
4143,2022-11-18
4207,2022-11-19
3958,2022-11-20
5167,2022-11-21
4576,2022-11-22
4500,2022-11-23
5078,2022-11-24
8995,2022-11-25
6818,2022-11-26
6955,2022-11-27
6377,2022-11-28
2718,2022-11-29
1970,2022-11-30
2356,2022-12-01
2629,2022-12-02
3233,2022-12-03
2293,2022-12-04
3259,2022-12-05
2863,2022-12-06
3530,2022-12-07
3571,2022-12-08
4345,2022-12-09
4590,2022-12-10
4478,2022-12-11
4827,2022-12-12
4634,2022-12-13
6081,2022-12-14
6245,2022-12-15
6863,2022-12-16
6444,2022-12-17
5747,2022-12-18
7164,2022-12-19
7027,2022-12-20
6826,2022-12-21
7132,2022-12-22
7617,2022-12-23
4685,2022-12-24
1143,2022-12-25
3751,2022-12-26
4634,2022-12-27
4638,2022-12-28
4792,2022-12-29
4514,2022-12-30
2707,2022-12-31
1201,2023-01-01
5355,2023-01-02
4951,2023-01-03
4815,2023-01-04
4323,2023-01-05
1345,2023-01-06
3172,2023-01-07
1939,2023-01-08
2069,2023-01-09
2092,2023-01-10
1922,2023-01-11
1843,2023-01-12
2129,2023-01-13
2339,2023-01-14
1357,2023-01-15
1800,2023-01-16
1714,2023-01-17
1755,2023-01-18
1704,2023-01-19
1934,2023-01-20
2237,2023-01-21
1199,2023-01-22
1741,2023-01-23
1734,2023-01-24
1847,2023-01-25
1801,2023-01-26
2026,2023-01-27
2344,2023-01-28
1542,2023-01-29
1825,2023-01-30
1972,2023-01-31
1910,2023-02-01
1910,2023-02-02
2112,2023-02-03
2393,2023-02-04
1373,2023-02-05
2195,2023-02-06
2424,2023-02-07
2470,2023-02-08
2565,2023-02-09
2833,2023-02-10
3136,2023-02-11
1792,2023-02-12
3941,2023-02-13
3954,2023-02-14
1656,2023-02-15
1508,2023-02-16
1498,2023-02-17
1870,2023-02-18
1000,2023-02-19
1462,2023-02-20
1389,2023-02-21
1467,2023-02-22
1412,2023-02-23
1704,2023-02-24
1992,2023-02-25
1195,2023-02-26
1579,2023-02-27
1695,2023-02-28
1718,2023-03-01
1726,2023-03-02
1935,2023-03-03
2223,2023-03-04
1184,2023-03-05
1701,2023-03-06
1892,2023-03-07
2059,2023-03-08
1704,2023-03-09
1912,2023-03-10
2192,2023-03-11
1203,2023-03-12
1628,2023-03-13
1575,2023-03-14
1689,2023-03-15
1750,2023-03-16
1987,2023-03-17
2972,2023-03-18
1582,2023-03-19
1838,2023-03-20
1611,2023-03-21
1679,2023-03-22
1754,2023-03-23
2210,2023-03-24
2331,2023-03-25
1486,2023-03-26
1723,2023-03-27
1377,2023-03-28
1591,2023-03-29
1844,2023-03-30
1913,2023-03-31
2292,2023-04-01
1428,2023-04-02
1711,2023-04-03
1698,2023-04-04
1847,2023-04-05
1484,2023-04-06
1208,2023-04-07
1590,2023-04-08
965,2023-04-09
1268,2023-04-10
1596,2023-04-11
1487,2023-04-12
1661,2023-04-13
2236,2023-04-14
2458,2023-04-15
1464,2023-04-16
1963,2023-04-17
2003,2023-04-18
2081,2023-04-19
2175,2023-04-20
2330,2023-04-21
2805,2023-04-22
1570,2023-04-23
2195,2023-04-24
2238,2023-04-25
2364,2023-04-26
1841,2023-04-27
2900,2023-04-28
3081,2023-04-29
2229,2023-04-30
954,2023-05-01
3304,2023-05-02
3219,2023-05-03
3408,2023-05-04
4151,2023-05-05
4978,2023-05-06
2277,2023-05-07
2895,2023-05-08
3148,2023-05-09
3569,2023-05-10
2762,2023-05-11
3300,2023-05-12
3667,2023-05-13
1655,2023-05-14
2012,2023-05-15
1549,2023-05-16
1673,2023-05-17
2368,2023-05-18
2664,2023-05-19
2466,2023-05-20
1289,2023-05-21
2075,2023-05-22
2108,2023-05-23
2131,2023-05-24
1828,2023-05-25
3132,2023-05-26
3059,2023-05-27
1102,2023-05-28
3117,2023-05-29
1691,2023-05-30
2003,2023-05-31
3583,2023-06-01
3474,2023-06-02
3483,2023-06-03
1107,2023-06-04
1673,2023-06-05
1919,2023-06-06
2331,2023-06-07
1567,2023-06-08
2234,2023-06-09
2289,2023-06-10
1310,2023-06-11
1980,2023-06-12
2023,2023-06-13
1967,2023-06-14
2055,2023-06-15
2102,2023-06-16
2127,2023-06-17
1028,2023-06-18
1963,2023-06-19
1965,2023-06-20
1822,2023-06-21
1960,2023-06-22
1909,2023-06-23
1751,2023-06-24
1293,2023-06-25
1939,2023-06-26
1829,2023-06-27
2014,2023-06-28
1748,2023-06-29
1953,2023-06-30
2230,2023-07-01
1442,2023-07-02
2045,2023-07-03
2096,2023-07-04
2080,2023-07-05
2016,2023-07-06
2315,2023-07-07
2432,2023-07-08
1508,2023-07-09
2126,2023-07-10
2028,2023-07-11
2041,2023-07-12
2054,2023-07-13
2103,2023-07-14
2160,2023-07-15
1359,2023-07-16
2105,2023-07-17
1988,2023-07-18
1880,2023-07-19
1989,2023-07-20
1913,2023-07-21
2017,2023-07-22
1257,2023-07-23
1984,2023-07-24
1922,2023-07-25
2003,2023-07-26
2156,2023-07-27
2222,2023-07-28
2187,2023-07-29
1427,2023-07-30
2074,2023-07-31
2110,2023-08-01
2179,2023-08-02
2270,2023-08-03
2234,2023-08-04
2149,2023-08-05
1533,2023-08-06
2077,2023-08-07
1857,2023-08-08
1890,2023-08-09
2103,2023-08-10
1963,2023-08-11
1921,2023-08-12
1266,2023-08-13
2028,2023-08-14
1403,2023-08-15
1911,2023-08-16
1915,2023-08-17
1951,2023-08-18
1835,2023-08-19
1191,2023-08-20
1730,2023-08-21
1729,2023-08-22
1756,2023-08-23
1816,2023-08-24
1849,2023-08-25
1880,2023-08-26
1424,2023-08-27
1850,2023-08-28
1935,2023-08-29
2001,2023-08-30
2192,2023-08-31
1956,2023-09-01
2278,2023-09-02
1304,2023-09-03
2049,2023-09-04
1797,2023-09-05
1805,2023-09-06
1858,2023-09-07
1808,2023-09-08
2080,2023-09-09
1277,2023-09-10
1650,2023-09-11
1698,2023-09-12
1748,2023-09-13
1690,2023-09-14
1887,2023-09-15
2249,2023-09-16
1329,2023-09-17
1647,2023-09-18
1737,2023-09-19
1774,2023-09-20
1573,2023-09-21
1970,2023-09-22
2191,2023-09-23
1212,2023-09-24
1639,2023-09-25
1719,2023-09-26
1745,2023-09-27
1918,2023-09-28
2209,2023-09-29
2529,2023-09-30
1741,2023-10-01
2136,2023-10-02
2149,2023-10-03
2266,2023-10-04
2104,2023-10-05
2369,2023-10-06
2541,2023-10-07
1595,2023-10-08
1653,2023-10-09
1776,2023-10-10
1671,2023-10-11
1309,2023-10-12
1949,2023-10-13
2060,2023-10-14
1223,2023-10-15
1553,2023-10-16
1461,2023-10-17
1488,2023-10-18
1593,2023-10-19
1898,2023-10-20
2068,2023-10-21
1244,2023-10-22
1610,2023-10-23
1523,2023-10-24
1622,2023-10-25
1752,2023-10-26
1835,2023-10-27
2107,2023-10-28
1257,2023-10-29
1612,2023-10-30
1459,2023-10-31
1310,2023-11-01
1869,2023-11-02
1984,2023-11-03
2302,2023-11-04
1308,2023-11-05
1683,2023-11-06
1649,2023-11-07
1731,2023-11-08
1988,2023-11-09
2094,2023-11-10
2192,2023-11-11
1246,2023-11-12
1559,2023-11-13
1730,2023-11-14
2487,2023-11-15
3228,2023-11-16
3552,2023-11-17
3998,2023-11-18
3561,2023-11-19
5258,2023-11-20
4709,2023-11-21
4685,2023-11-22
5120,2023-11-23
8973,2023-11-24
7181,2023-11-25
6609,2023-11-26
6013,2023-11-27
2790,2023-11-28
2230,2023-11-29
2392,2023-11-30
2762,2023-12-01
3161,2023-12-02
2332,2023-12-03
2933,2023-12-04
3152,2023-12-05
2899,2023-12-06
3764,2023-12-07
3717,2023-12-08
4364,2023-12-09
4169,2023-12-10
4609,2023-12-11
4489,2023-12-12
6091,2023-12-13
5848,2023-12-14
6465,2023-12-15
6484,2023-12-16
5973,2023-12-17
6798,2023-12-18
6894,2023-12-19
6393,2023-12-20
6672,2023-12-21
7247,2023-12-22
7686,2023-12-23
4235,2023-12-24
1220,2023-12-25
4285,2023-12-26
5145,2023-12-27
5226,2023-12-28
5343,2023-12-29
5206,2023-12-30
2494,2023-12-31
1171,2024-01-01
5987,2024-01-02
5444,2024-01-03
5395,2024-01-04
5096,2024-01-05
1544,2024-01-06
2643,2024-01-07
2313,2024-01-08
2162,2024-01-09
2099,2024-01-10
2225,2024-01-11
2463,2024-01-12
2715,2024-01-13
1589,2024-01-14
2040,2024-01-15
1904,2024-01-16
1835,2024-01-17
1869,2024-01-18
2069,2024-01-19
2449,2024-01-20
1444,2024-01-21
1793,2024-01-22
1758,2024-01-23
1841,2024-01-24
1929,2024-01-25
2193,2024-01-26
2411,2024-01-27
1557,2024-01-28
1847,2024-01-29
1995,2024-01-30
2052,2024-01-31
2098,2024-02-01
2212,2024-02-02
2265,2024-02-03
1573,2024-02-04
2135,2024-02-05
1986,2024-02-06
2249,2024-02-07
2351,2024-02-08
2508,2024-02-09
2999,2024-02-10
1855,2024-02-11
3127,2024-02-12
3922,2024-02-13
3940,2024-02-14
1794,2024-02-15
1874,2024-02-16
2227,2024-02-17
1192,2024-02-18
1562,2024-02-19
1571,2024-02-20
1501,2024-02-21
1526,2024-02-22
1674,2024-02-23
2041,2024-02-24
1125,2024-02-25
1476,2024-02-26
1431,2024-02-27
1470,2024-02-28
1630,2024-02-29
1898,2024-03-01
2288,2024-03-02
807,2024-03-03
1734,2024-03-04
1629,2024-03-05
1773,2024-03-06
1766,2024-03-07
2146,2024-03-08
2021,2024-03-09
1268,2024-03-10
1484,2024-03-11
1602,2024-03-12
1530,2024-03-13
1681,2024-03-14
1968,2024-03-15
2159,2024-03-16
1213,2024-03-17
1883,2024-03-18
1491,2024-03-19
1610,2024-03-20
1636,2024-03-21
1961,2024-03-22
2220,2024-03-23
1531,2024-03-24
1784,2024-03-25
1920,2024-03-26
2207,2024-03-27
1779,2024-03-28
1335,2024-03-29
1969,2024-03-30
987,2024-03-31
1483,2024-04-01
1890,2024-04-02
1664,2024-04-03
1810,2024-04-04
2083,2024-04-05
2218,2024-04-06
1208,2024-04-07
1679,2024-04-08
1809,2024-04-09
1791,2024-04-10
1867,2024-04-11
1991,2024-04-12
2159,2024-04-13
1182,2024-04-14
1773,2024-04-15
1898,2024-04-16
1831,2024-04-17
1842,2024-04-18
2184,2024-04-19
2399,2024-04-20
1337,2024-04-21
1936,2024-04-22
1965,2024-04-23
2107,2024-04-24
2412,2024-04-25
2845,2024-04-26
3033,2024-04-27
1957,2024-04-28
2573,2024-04-29
3054,2024-04-30
1969,2024-05-01
3650,2024-05-02
3979,2024-05-03
4773,2024-05-04
2192,2024-05-05
2549,2024-05-06
2523,2024-05-07
2611,2024-05-08
3113,2024-05-09
3905,2024-05-10
3748,2024-05-11
1881,2024-05-12
2352,2024-05-13
2498,2024-05-14
2451,2024-05-15
2206,2024-05-16
2435,2024-05-17
2584,2024-05-18
1514,2024-05-19
1963,2024-05-20
1960,2024-05-21
2117,2024-05-22
2288,2024-05-23
3114,2024-05-24
2972,2024-05-25
1633,2024-05-26
2364,2024-05-27
2518,2024-05-28
2546,2024-05-29
2332,2024-05-30
2900,2024-05-31
3029,2024-06-01
2027,2024-06-02
2647,2024-06-03
2777,2024-06-04
2626,2024-06-05
2945,2024-06-06
3053,2024-06-07
3478,2024-06-08
2775,2024-06-09
2320,2024-06-10
1929,2024-06-11
1954,2024-06-12
2068,2024-06-13
2164,2024-06-14
2278,2024-06-15
1396,2024-06-16
1758,2024-06-17
1748,2024-06-18
1754,2024-06-19
1771,2024-06-20
1788,2024-06-21
1957,2024-06-22
1172,2024-06-23
1443,2024-06-24
1686,2024-06-25
1779,2024-06-26
1979,2024-06-27
2161,2024-06-28
2370,2024-06-29
1625,2024-06-30
1901,2024-07-01
1980,2024-07-02
1933,2024-07-03
2152,2024-07-04
2037,2024-07-05
2253,2024-07-06
1666,2024-07-07
1975,2024-07-08
1891,2024-07-09
1940,2024-07-10
1971,2024-07-11
1996,2024-07-12
2104,2024-07-13
1347,2024-07-14
1320,2024-07-15
1688,2024-07-16
1945,2024-07-17
1785,2024-07-18
1714,2024-07-19
1914,2024-07-20
1357,2024-07-21
1920,2024-07-22
1870,2024-07-23
1891,2024-07-24
1877,2024-07-25
1992,2024-07-26
1927,2024-07-27
1254,2024-07-28
1891,2024-07-29
1929,2024-07-30
2093,2024-07-31
1991,2024-08-01
2057,2024-08-02
2066,2024-08-03
1216,2024-08-04
22,2024-08-05
